{"skeleton":{"hash":"X3F+dMpNiWQaWdPP9ejTBkdDIhs","spine":"3.6.39","width":253,"height":275,"images":""},"bones":[{"name":"root"},{"name":"bone","parent":"root","length":228.6,"rotation":-0.4},{"name":"bone2","parent":"root","length":200.92,"rotation":90.23},{"name":"bone3","parent":"root","length":204.03,"rotation":41.23}],"slots":[{"name":"mozhi1","bone":"bone3","attachment":"mozhi1"},{"name":"yuanquan1","bone":"bone3","attachment":"yuanquan1"},{"name":"guang1","bone":"bone","attachment":"guang1"},{"name":"zi1","bone":"bone2","attachment":"zi1"}],"skins":{"default":{"guang1":{"guang1":{"x":-12.97,"y":25.32,"rotation":0.4,"width":253,"height":275}},"mozhi1":{"mozhi1":{"type":"mesh","uvs":[1,1,0,1,0,0,1,0],"triangles":[1,2,3,1,3,0],"vertices":[30.89,-113.05,-131.56,29.3,-3.05,175.96,159.41,33.61],"hull":4,"edges":[0,2,2,4,4,6,0,6],"width":216,"height":195}},"yuanquan1":{"yuanquan1":{"type":"mesh","uvs":[1,1,0,1,0,0,1,0],"triangles":[1,2,3,1,3,0],"vertices":[18.78,-79.84,-97.04,21.66,9.06,142.75,124.89,41.25],"hull":4,"edges":[0,2,2,4,4,6,0,6],"width":154,"height":161}},"zi1":{"zi1":{"x":39.37,"y":18.84,"rotation":-90.23,"width":188,"height":222}}}},"animations":{"animation":{"slots":{"guang1":{"color":[{"time":0,"color":"ffffff4e","curve":[0.25,0,0.75,1]},{"time":0.1667,"color":"fffffffe","curve":[0.25,0,0.75,1]},{"time":0.3333,"color":"ffffff4e","curve":"stepped"},{"time":0.7,"color":"ffffff4e"},{"time":0.7333,"color":"fffffffe"},{"time":0.9333,"color":"ffffff00"}]},"mozhi1":{"color":[{"time":0,"color":"ffffff00","curve":"stepped"},{"time":0.7667,"color":"ffffff00"},{"time":0.8,"color":"fffffffe","curve":"stepped"},{"time":0.9333,"color":"fffffffe"},{"time":1,"color":"ffffff9a"},{"time":1.0667,"color":"fffffffe","curve":"stepped"},{"time":1.1333,"color":"fffffffe","curve":"stepped"},{"time":1.9667,"color":"fffffffe"}]},"yuanquan1":{"color":[{"time":0,"color":"ffffff00","curve":"stepped"},{"time":0.7,"color":"ffffff00"},{"time":0.7333,"color":"fffffffe"}]},"zi1":{"color":[{"time":0,"color":"ffffff2a","curve":[0.25,0,0.75,1]},{"time":0.3333,"color":"fffffffe"}]}},"bones":{"root":{"rotate":[{"time":0,"angle":0}],"translate":[{"time":0,"x":0,"y":0}],"scale":[{"time":0,"x":1.297,"y":1.297,"curve":"stepped"},{"time":0.6,"x":1.297,"y":1.297,"curve":[0.25,0,0.75,1]},{"time":0.7667,"x":1,"y":1}],"shear":[{"time":0,"x":0,"y":0}]},"bone":{"rotate":[{"time":0,"angle":0,"curve":"stepped"},{"time":1.9667,"angle":0}],"translate":[{"time":0,"x":0,"y":0,"curve":"stepped"},{"time":1.9667,"x":0,"y":0}],"scale":[{"time":0,"x":1,"y":1,"curve":[0.25,0,0.75,1]},{"time":0.1667,"x":1.095,"y":1.095,"curve":[0.25,0,0.75,1]},{"time":0.3333,"x":0.917,"y":0.917,"curve":"stepped"},{"time":0.7,"x":0.917,"y":0.917},{"time":0.7333,"x":0.76,"y":0.76},{"time":0.7667,"x":1,"y":1},{"time":0.9333,"x":1.297,"y":1.297,"curve":"stepped"},{"time":1.9667,"x":1.297,"y":1.297}],"shear":[{"time":0,"x":0,"y":0,"curve":"stepped"},{"time":1.9667,"x":0,"y":0}]},"bone2":{"rotate":[{"time":0,"angle":0,"curve":"stepped"},{"time":1.9667,"angle":0}],"translate":[{"time":0,"x":0,"y":0,"curve":"stepped"},{"time":1.9667,"x":0,"y":0}],"scale":[{"time":0,"x":1,"y":1,"curve":"stepped"},{"time":0.3333,"x":1,"y":1,"curve":[0.25,0,0.75,1]},{"time":0.6,"x":1.21,"y":1.21,"curve":[0.25,0,0.75,1]},{"time":0.7667,"x":1,"y":1,"curve":"stepped"},{"time":1.9667,"x":1,"y":1}],"shear":[{"time":0,"x":0,"y":0,"curve":"stepped"},{"time":1.9667,"x":0,"y":0}]},"bone3":{"rotate":[{"time":0,"angle":0,"curve":"stepped"},{"time":1.9667,"angle":0}],"translate":[{"time":0,"x":0,"y":0,"curve":"stepped"},{"time":1.9667,"x":0,"y":0}],"scale":[{"time":0,"x":1,"y":1,"curve":"stepped"},{"time":0.8,"x":1,"y":1,"curve":"stepped"},{"time":1.9667,"x":1,"y":1}],"shear":[{"time":0,"x":0,"y":0,"curve":"stepped"},{"time":1.9667,"x":0,"y":0}]}},"deform":{"default":{"mozhi1":{"mozhi1":[{"time":0,"curve":"stepped"},{"time":0.8},{"time":1,"vertices":[14.06289,-60.03513,-61.36183,6.05862,-1.69381,74.15041,73.73083,8.05664]},{"time":1.1333,"vertices":[4.51768,-16.07605,-16.53003,2.36784,0.1207,21.3693,21.16844,2.9254],"curve":"stepped"},{"time":1.9667,"vertices":[4.51768,-16.07605,-16.53003,2.36784,0.1207,21.3693,21.16844,2.9254]}]}}}}}}