{"bones":[{"name":"root"},{"name":"bone","parent":"root","length":269.25,"rotation":0.45},{"name":"bone2","parent":"bone"},{"name":"bone3","parent":"bone","x":205.51,"y":134.04}],"slots":[{"name":"peng2","bone":"bone3","attachment":"peng_2"},{"name":"peng1","bone":"bone2","attachment":"peng_1"}],"skins":{"default":{"peng1":{"peng_1":{"rotation":-0.45,"width":627,"height":409}},"peng2":{"peng_2":{"x":-1.03,"y":-0.65,"rotation":-0.45,"width":627,"height":409}}}},"animations":{"idle":{"bones":{"bone2":{"rotate":[{"time":0,"angle":0,"curve":"stepped"},{"time":0.1,"angle":0,"curve":"stepped"},{"time":0.2666,"angle":0,"curve":"stepped"},{"time":0.3333,"angle":0,"curve":"stepped"},{"time":0.4,"angle":0,"curve":"stepped"},{"time":0.4333,"angle":0,"curve":"stepped"},{"time":0.5,"angle":0,"curve":"stepped"},{"time":0.5666,"angle":0,"curve":"stepped"},{"time":0.7666,"angle":0,"curve":"stepped"},{"time":0.8,"angle":0}],"translate":[{"time":0,"x":0,"y":0,"curve":"stepped"},{"time":0.1,"x":0,"y":0,"curve":"stepped"},{"time":0.2666,"x":0,"y":0,"curve":"stepped"},{"time":0.3333,"x":0,"y":0,"curve":"stepped"},{"time":0.4,"x":0,"y":0,"curve":"stepped"},{"time":0.4333,"x":0,"y":0,"curve":"stepped"},{"time":0.5,"x":0,"y":0,"curve":"stepped"},{"time":0.5666,"x":0,"y":0,"curve":"stepped"},{"time":0.7666,"x":0,"y":0,"curve":"stepped"},{"time":0.8,"x":0,"y":0}],"scale":[{"time":0,"x":1,"y":1,"curve":"stepped"},{"time":0.1,"x":1,"y":1,"curve":"stepped"},{"time":0.2666,"x":1,"y":1,"curve":[0.25,0,0.75,1]},{"time":0.3333,"x":0.88,"y":0.9,"curve":"stepped"},{"time":0.4,"x":0.88,"y":0.9,"curve":"stepped"},{"time":0.4333,"x":0.88,"y":0.9,"curve":[0.25,0,0.75,1]},{"time":0.5333,"x":1.123,"y":1.03,"curve":[0.25,0,0.75,1]},{"time":0.7666,"x":1.4,"y":1.4,"curve":"stepped"},{"time":0.8,"x":1.4,"y":1.4}]},"bone3":{"rotate":[{"time":0,"angle":0,"curve":"stepped"},{"time":0.1,"angle":0,"curve":"stepped"},{"time":0.2666,"angle":0,"curve":"stepped"},{"time":0.3333,"angle":0,"curve":"stepped"},{"time":0.4,"angle":0,"curve":"stepped"},{"time":0.5,"angle":0,"curve":"stepped"},{"time":0.5666,"angle":0,"curve":"stepped"},{"time":0.7666,"angle":0,"curve":"stepped"},{"time":0.8,"angle":0}],"translate":[{"time":0,"x":-205.51,"y":-134.04,"curve":"stepped"},{"time":0.1,"x":-205.51,"y":-134.04,"curve":"stepped"},{"time":0.2666,"x":-205.51,"y":-134.04,"curve":"stepped"},{"time":0.3333,"x":-205.51,"y":-134.04,"curve":"stepped"},{"time":0.4,"x":-205.51,"y":-134.04,"curve":"stepped"},{"time":0.5,"x":-205.51,"y":-134.04,"curve":"stepped"},{"time":0.5666,"x":-205.51,"y":-134.04,"curve":"stepped"},{"time":0.7666,"x":-205.51,"y":-134.04,"curve":"stepped"},{"time":0.8,"x":-205.51,"y":-134.04}],"scale":[{"time":0,"x":1,"y":1,"curve":"stepped"},{"time":0.0333,"x":1,"y":1,"curve":[0.25,0,0.75,1]},{"time":0.0666,"x":1.15,"y":1.15,"curve":[0.25,0,0.75,1]},{"time":0.1,"x":1.2,"y":1.2,"curve":[0.25,0,0.75,1]},{"time":0.2666,"x":1,"y":1,"curve":[0.25,0,0.75,1]},{"time":0.3,"x":0.98,"y":0.98,"curve":[0.25,0,0.75,1]},{"time":0.3333,"x":1,"y":1,"curve":[0.25,0,0.75,1]},{"time":0.4,"x":1.043,"y":1.043,"curve":[0.25,0,0.75,1]},{"time":0.5,"x":1.31,"y":1.31,"curve":[0.25,0,0.75,1]},{"time":0.7,"x":1.5,"y":1.5,"curve":"stepped"},{"time":0.7666,"x":1.5,"y":1.5,"curve":"stepped"},{"time":0.8,"x":1.5,"y":1.5}]}},"slots":{"peng1":{"color":[{"time":0,"color":"ffffff00","curve":[0.25,0,0.75,1]},{"time":0.0333,"color":"ffffffdc","curve":[0.25,0,0.75,1]},{"time":0.0666,"color":"ffffff7e","curve":[0.25,0,0.75,1]},{"time":0.1,"color":"ffffff00","curve":"stepped"},{"time":0.2666,"color":"ffffff00","curve":[0.25,0,0.75,1]},{"time":0.3333,"color":"ffffff7e","curve":"stepped"},{"time":0.4,"color":"ffffff7e","curve":"stepped"},{"time":0.5,"color":"ffffff7e","curve":"stepped"},{"time":0.5666,"color":"ffffff7e","curve":[0.25,0,0.75,1]},{"time":0.7333,"color":"ffffff49","curve":[0.25,0,0.75,1]},{"time":0.7666,"color":"ffffff00","curve":"stepped"},{"time":0.8,"color":"ffffff00"}]},"peng2":{"color":[{"time":0,"color":"ffffff00","curve":[0.25,0,0.75,1]},{"time":0.0333,"color":"ffffff13","curve":[0.25,0,0.75,1]},{"time":0.0666,"color":"ffffff96","curve":[0.25,0,0.75,1]},{"time":0.1,"color":"ffffffab","curve":[0.25,0,0.75,1]},{"time":0.2666,"color":"ffffffff","curve":[0.25,0,0.75,1]},{"time":0.3333,"color":"ffffff86","curve":[0.25,0,0.75,1]},{"time":0.4,"color":"ffffff8a","curve":[0.25,0,0.75,1]},{"time":0.4666,"color":"ffffff94","curve":[0.25,0,0.75,1]},{"time":0.5,"color":"ffffff88","curve":[0.25,0,0.75,1]},{"time":0.5666,"color":"ffffff71","curve":[0.25,0,0.75,1]},{"time":0.7,"color":"ffffff23","curve":[0.25,0,0.75,1]},{"time":0.7333,"color":"ffffff00","curve":"stepped"},{"time":0.7666,"color":"ffffff00","curve":"stepped"},{"time":0.8,"color":"ffffff00"}]}}}}}